﻿<parameters>
  <parameter name="IIS Web Application Name" defaultValue="EOS2" tags="IisApp">
    <parameterEntry kind="ProviderPath" scope="IisApp" match="^C:\\Development\\EOS\\trunk\\EOS2\\EOS2\.Web\\obj\\Release\\Package\\PackageTmp$" />
    <parameterEntry kind="ProviderPath" scope="setAcl" match="^C:\\Development\\EOS\\trunk\\EOS2\\EOS2\.Web\\obj\\Release\\Package\\PackageTmp$" />
  </parameter>
  <parameter name="Version String" description="Please enter the version of EOS being deployed" defaultValue="__VERSION__">
    <parameterEntry kind="XmlFile" scope="Web.config" match="/configuration/appSettings/add[@key='VersionString']/@value" />
  </parameter>
  <parameter name="EOS2Database-Web.config Connection String" description="EOS2Database Connection String used in web.config by the application to access the database." defaultValue="Data Source=localhost;Initial Catalog=EOS2DB;Integrated Security=True" tags="SqlConnectionString">
    <parameterEntry kind="XmlFile" scope="C:\\Development\\EOS\\trunk\\EOS2\\EOS2\.Web\\obj\\Release\\Package\\PackageTmp\\Web\.config$" match="/configuration/connectionStrings/add[@name='EOS2Database']/@connectionString" />
  </parameter>
  <parameter name="elmahLoggingdb-Web.config Connection String" description="elmahLoggingdb Connection String used in web.config by the application to access the database." defaultValue="Data Source=localhost;Initial Catalog=EOS2DB;Integrated Security=True" tags="SqlConnectionString">
    <parameterEntry kind="XmlFile" scope="C:\\Development\\EOS\\trunk\\EOS2\\EOS2\.Web\\obj\\Release\\Package\\PackageTmp\\Web\.config$" match="/configuration/connectionStrings/add[@name='elmahLoggingdb']/@connectionString" />
  </parameter>
  <parameter name="Thinktecture.IdentityServer3-Web.config Connection String" description="Thinktecture.IdentityServer3 Connection String used in web.config by the application to access the database." defaultValue="Data Source=localhost;Initial Catalog=IdSrvConfig;User ID=EOSTestUser;Password=EOSTestUser" tags="SqlConnectionString">
    <parameterEntry kind="XmlFile" scope="C:\\Development\\EOS\\trunk\\EOS2\\EOS2\.Web\\obj\\Release\\Package\\PackageTmp\\Web\.config$" match="/configuration/connectionStrings/add[@name='Thinktecture.IdentityServer3']/@connectionString" />
  </parameter>
</parameters>