﻿<parameters>
  <parameter name="IIS Web Application Name" defaultValue="EOS2.Identity" tags="IisApp">
    <parameterEntry kind="ProviderPath" scope="IisApp" match="^C:\\Development\\EOS\\trunk\\EOS2\\EOS2\.IdentityServer\\obj\\Release\\Package\\PackageTmp$" />
    <parameterEntry kind="ProviderPath" scope="setAcl" match="^C:\\Development\\EOS\\trunk\\EOS2\\EOS2\.IdentityServer\\obj\\Release\\Package\\PackageTmp$" />
  </parameter>
  <parameter name="elmahLoggingdb-Web.config Connection String" defaultValue="Data Source=localhost;Initial Catalog=EOS2DB;User ID=EOSTestUser;Password=EOSTestUser">
    <parameterEntry kind="XmlFile" scope="C:\\Development\\EOS\\trunk\\EOS2\\EOS2\.IdentityServer\\obj\\Release\\Package\\PackageTmp\\Web\.config$" match="/configuration/connectionStrings/add[@name='elmahLoggingdb']/@connectionString" />
  </parameter>
  <parameter name="EOS.Identity-Web.config Connection String" defaultValue="Data Source=localhost;Initial Catalog=EOS.Identity;User ID=EOSTestUser;Password=EOSTestUser">
    <parameterEntry kind="XmlFile" scope="C:\\Development\\EOS\\trunk\\EOS2\\EOS2\.IdentityServer\\obj\\Release\\Package\\PackageTmp\\Web\.config$" match="/configuration/connectionStrings/add[@name='EOS.Identity']/@connectionString" />
  </parameter>
  <parameter name="EOS2Database-Web.config Connection String" defaultValue="Data Source=localhost;Initial Catalog=EOS2DB;User ID=EOSTestUser;Password=EOSTestUser">
    <parameterEntry kind="XmlFile" scope="C:\\Development\\EOS\\trunk\\EOS2\\EOS2\.IdentityServer\\obj\\Release\\Package\\PackageTmp\\Web\.config$" match="/configuration/connectionStrings/add[@name='EOS2Database']/@connectionString" />
  </parameter>
  <parameter name="DefaultConnection-Web.config Connection String" description="DefaultConnection Connection String used in web.config by the application to access the database." defaultValue="DefaultConnection_ConnectionString" tags="SqlConnectionString">
    <parameterEntry kind="XmlFile" scope="C:\\Development\\EOS\\trunk\\EOS2\\EOS2\.IdentityServer\\obj\\Release\\Package\\PackageTmp\\Web\.config$" match="/configuration/connectionStrings/add[@name='DefaultConnection']/@connectionString" />
  </parameter>
</parameters>